Workbook

Sheet Resum
A1: Espai x esquema. | H1: Espai x Taules
A3: Es pot eliminar | B3: Suma de GB | H3: Es pot eliminar | I3: Suma de GBBytes
A4: ?? | B4: 532.52 | H4: ?? | I4: 21.717773
A5: No | B5: 5642.52 | H5: No | I5: 1890.374
A6: Grup1 | B6: 135.15 | H6: Sí | I6: 86.021484
A7: Sí | B7: 117.21 | H7: (en blanc) | I7: 54.072266
A8: Sí, però | B8: 17.94 | H8: Total general | I8: 2052.1855
A9: Total general | B9: 6310.19
A16: Es pot eliminar? | B16: (Múltiples elements) | H16: Es pot eliminar? | I16: Sí
A18: Etiquetes de fila | B18: Suma de GB | H18: Etiquetes de fila | I18: Suma de GBBytes
A19: Andrea Cánovas | B19: 67.88 | H19: ?? | I19: 6.9833984
A20: E13_AUP | B20: 0 | H20: E13_IDA | I20: 6.9833984
A21: E13_BAG | B21: 0.28 | H21: Andrea Cánovas | I21: 45.837891
A22: E13_PAV | B22: 67.44 | H22: E13_A4S | I22: 0.1953125
A23: E13_PPQPIS | B23: 0.16 | H23: E13_BAE | I23: 34.798828
A24: Daniel Moreiras | B24: 0.26 | H24: E13_GSA_ACR | I24: 0.171875
A25: E13_PREMISCAT | B25: 0 | H25: E13_OVT_PUBLI | I25: 1.828125
A26: E13_RESERVA_SALES | B26: 0.26 | H26: E13_PAV | I26: 1.4199219
A27: GEPSE | B27: 0 | H27: E13_RALC | I27: 0.296875
A28: Jordi Sala | B28: 61.22 | H28: E13_RTA | I28: 4.6425781
A29: E13_ADPD | B29: 0.07 | H29: E13_RTT | I29: 2.484375
A30: E13_AJUTS | B30: 0 | H30: Jordi Sala | I30: 6.0292969
... A43: E13_LLENGUES | B43: 0.08 | H43: Total general | I43: 86.021484
A44: E13_LLICENCIES | B44: 0.18
A45: E13_OFERTA_BCK | B45: 32.25
A46: E13_OPO | B46: 0.02
A47: E13_OPOSPAS | B47: 0
A48: E13_PUB_RESULTATS | B48: 0.02
A49: (en blanc) | B49: 0.44
A50: AM10_38136279W | B50: 0.01
A51: E13_APE_1011 | B51: 0.04
A52: E13_APE_1112 | B52: 0.03
A53: E13_APE_1213 | B53: 0.02
A54: E13_CARTERA | B54: 0.34
A55: JMARQUE4 | B55: 0
... A58: Total general | B58: 135.15

Sheet Espai x esquema
A1: Owner | B1: table | C1: MB | D1: GB | E1: Es pot eliminar? | F1: Lot | G1: - | H1: Observacions | I1: Aplicació | J1: GS | K1: Estat
A2: AD | B2: total_owner | C2: 6917.81 | D2: 6.76 | E2: No | F2: AM10
A3: ADMCTRL | B3: total_owner | C3: 6940.75 | D3: 6.78 | E3: No | F3: AM10
A4: ADMINXTEC | B4: total_owner | C4: 955.44 | D4: 0.93 | E4: No | F4: AM10
A5: ADMXTEC | B5: total_owner | C5: 84433.38 | D5: 82.45 | E5: No | F5: AM10
A6: FLOWS_FILES | B6: total_owner | C6: 263449 | D6: 257.27 | E6: ?? | H6: XMC:Identificar dependències, jobs, sh, ultim accés user, útimes operacions DML/DDL. Revocar permisos abans d'eliminar
A7: AIDA | B7: total_owner | C7: 0.81 | D7: 0 | E7: No | F7: AM10
A8: AM10_38136279W | B8: total_owner | C8: 13.06 | D8: 0.01 | E8: Sí | F8: AM10
A9: APEX_200200 | B9: total_owner | C9: 8376.19 | D9: 8.18 | E9: No | F9: N/A
A10: APEX_SSO | B10: total_owner | C10: 0.63 | D10: 0 | E10: ?? | F10: AM10 | H10: XMC:Identificar dependències, jobs, sh, ultim accés user, útimes operacions DML/DDL. Revocar permisos abans d'eliminar
A11: E13_GICARSM | B11: total_owner | C11: 53826.13 | D11: 52.56 | E11: ?? | H11: XMC:Identificar dependències, jobs, sh, ultim accés user, útimes operacions DML/DDL. Revocar permisos abans d'eliminar | K11: Es pot eliminar
A12: AUDSYS | B12: total_owner | C12: 155463.63 | D12: 151.82 | E12: no | H12: XMC:Identificar dependències i continuar anàlisi
A13: AVA | B13: total_owner | C13: 609.94 | D13: 0.6 | E13: No | F13: AM10 | I13: AVA | J13: Andrea Cánovas
A14: BFGH_INT_LOCAL | B14: total_owner | C14: 217.38 | D14: 0.21 | E14: No | F14: AM11 | H14: Esquema que s'utilitza per connectar a DMA's, beques i per accés a dades del RALC d'ESFERA
A15: E13_ESPINA_BD | B15: total_owner | C15: 6056.13 | D15: 5.91 | E15: ?? | H15: XMC: Encara la fa servir DMA SAGA AM11
A16: CLIC | B16: total_owner | C16: 152.88 | D16: 0.15 | E16: No | F16: AM10 | H16: XMC:Per què no? No es va migrar??
A17: DBSFWUSER | B17: total_owner | C17: 0.38 | D17: 0 | E17: no | H17: XMC:Identificar dependències i continuar anàlisi | K17: No surt cap info
A18: VFS_NICE_264 | B18: total_owner | C18: 5684.69 | D18: 5.55 | E18: ?? | H18: XMC:Identificar dependències, jobs, sh, ultim accés user, útimes operacions DML/DDL. Revocar permisos abans d'eliminar
A19: XT20_LIFERAY | B19: total_owner | C19: 2835.38 | D19: 2.77 | E19: ?? | H19: XMC:Identificar dependències, jobs, sh, ultim accés user, útimes operacions DML/DDL. Revocar permisos abans d'eliminar
A20: E13_A4S | B20: total_owner | C20: 24148.88 | D20: 23.58 | E20: No | F20: AM10
A21: E13_A6P | B21: total_owner | C21: 25327.19 | D21: 24.73 | E21: No | F21: AM10
A22: E13_AAC_PREINS | B22: total_owner | C22: 31432.25 | D22: 30.7 | E22: Sí | F22: AM10 | H22: Pendent decisió ATIC
A23: E13_ACO | B23: total_owner | C23: 115.38 | D23: 0.11 | E23: No | F23: AM10
A24: E13_ADPD | B24: total_owner | C24: 74.5 | D24: 0.07 | E24: Sí, però | F24: AM05 | H24: Es podria historificar i treure d'E13BD, aplicació tancada i obsoleta | I24: ADPD | J24: Jordi Sala
A25: E13_AFD | B25: total_owner | C25: 22.31 | D25: 0.02 | E25: ?? | F25: AM05 | H25: DMM: Es troba de baixa a l'inventari d'app | I25: AFD | J25: Jordi Sala
A26: E13_AGAI | B26: total_owner | C26: 260 | D26: 0.25 | E26: No | F26: AM05
A27: E13_AGD | B27: total_owner | C27: 53188.63 | D27: 51.94 | E27: No | F27: AM10
A28: E13_AGIN | B28: total_owner | C28: 112386.25 | D28: 109.75 | E28: No | F28: AM15
A29: E13_AJUTS | B29: total_owner | C29: 4.19 | D29: 0 | E29: Sí, però | F29: AM05 | H29: Es podria historificar i treure d'E13BD, aplicació tancada i obsoleta | I29: GSD_AJUTS | J29: Jordi Sala
A30: SIGMA | B30: total_owner | C30: 2318.13 | D30: 2.26 | E30: ?? | H30: XMC:Identificar dependències, jobs, sh, ultim accés user, útimes operacions DML/DDL. Revocar permisos abans d'eliminar
A31: E13_APBLOE | B31: total_owner | C31: 1087.19 | D31: 1.06 | E31: ?? | F31: AM11 | H31: DMM: Es troba de baixa a l'inventari d'app | I31: APBLOE | J31: Oscar Méndez
A32: E13_VAD_TSYSTEM | B32: total_owner | C32: 1792.5 | D32: 1.75 | E32: ?? | H32: XMC:Identificar dependències, jobs, sh, ultim accés user, útimes operacions DML/DDL. Revocar permisos abans d'eliminar | K32: Revisar 3.2 E13_AWA
A33: E13_APE | B33: total_owner | C33: 415.06 | D33: 0.41 | E33: No | F33: AM05
A34: E13_APE_1011 | B34: total_owner | C34: 38.06 | D34: 0.04 | E34: Sí, però | F34: AM05 | H34: Són unes campanyes antigues, es podrien historificar i treure d'E13BD
A35: E13_APE_1112 | B35: total_owner | C35: 28.31 | D35: 0.03 | E35: Sí, però | F35: AM05 | H35: Són unes campanyes antigues, es podrien historificar
A36: E13_APE_1213 | B36: total_owner | C36: 23 | D36: 0.02 | E36: Sí, però | F36: AM05 | H36: Són unes campanyes antigues, es podrien historificar
A37: E13_ASAELE | B37: total_owner | C37: 242.69 | D37: 0.24 | E37: No | F37: AM10 | H37: No es pot borrar
A38: E13_ASD | B38: total_owner | C38: 18.94 | D38: 0.02 | E38: Sí, però | F38: AM05 | H38: Es podria historificar i treure d'E13BD, aplicació tancada i obsoleta | I38: ASD | J38: Jordi Sala
A39: E13_ASD_PUBLI | B39: total_owner | C39: 1.5 | D39: 0 | E39: Sí, però | F39: AM05 | H39: Es podria historificar i treure d'E13BD, aplicació tancada i obsoleta | I39: ASD_PUBLI | J39: Jordi Sala
A40: GGAA | B40: total_owner | C40: 1741.44 | D40: 1.7 | E40: ?? | H40: XMC:Identificar dependències, jobs, sh, ultim accés user, útimes operacions DML/DDL. Revocar permisos abans d'eliminar
A41: E13_AUP | B41: total_owner | C41: 2.31 | D41: 0 | E41: Sí | F41: AM10 | H41: Cal confirmar amb gestor si es pot esborrar o cal historificar | I41: AUP | J41: Andrea Cánovas
A42: E13_AWA | B42: total_owner | C42: 824146 | D42: 804.83 | E42: No | F42: AM10
A43: E13_BAE | B43: total_owner | C43: 69714.5 | D43: 68.08 | E43: No | F43: AM10
A44: E13_BAG | B44: total_owner | C44: 290.31 | D44: 0.28 | E44: Sí | F44: AM10 | H44: JCN: Pendent decisió ATIC | I44: BAG | J44: Andrea Cánovas
A45: E13_BAL_HST | B45: total_owner | C45: 5352.25 | D45: 5.23 | E45: No | F45: AM10
A46: E13_BAR | B46: total_owner | C46: 564.44 | D46: 0.55 | E46: Sí, però | F46: AM05 | H46: Hi ha la part de la convocatòria de catedràtics que es podria historificar. Caldria consensuar-ho amb els usuaris. | I46: BAR | J46: Jordi Sala
A47: E13_INSITU | B47: total_owner | C47: 766.88 | D47: 0.75 | E47: ?? | H47: XMC:Identificar dependències, jobs, sh, ultim accés user, útimes operacions DML/DDL. Revocar permisos abans d'eliminar | K47: Revisar privilegis i eliminar
A48: E13_BOR | B48: total_owner | C48: 207897.4 | D48: 203.02 | E48: No | F48: AM05
A49: E13_BOR_CMO | B49: total_owner | C49: 7716.25 | D49: 7.54 | E49: Sí | F49: AM05 | I49: BOR | J49: Jordi Sala
A50: E13_BOR2 | B50: total_owner | C50: 3623.75 | D50: 3.54 | E50: Sí | F50: AM05 | I50: BOR | J50: Jordi Sala
A51: E13_BORPAS | B51: total_owner | C51: 11300 | D51: 11.04 | E51: No | F51: AM05
A52: E13_CAMPS | B52: total_owner | C52: 858.63 | D52: 0.84 | E52: No | F52: AM10
A53: E13_CAPCHA | B53: total_owner | C53: 0.25 | D53: 0 | E53: No | F53: AM10
A54: E13_CARNETDOCENT | B54: total_owner | C54: 399 | D54: 0.39 | E54: No | F54: AM10
A55: E13_CARTERA | B55: total_owner | C55: 345.81 | D55: 0.34 | E55: Sí | F55: AM15 | H55: Es donarà de baixa
A56: E13_CAT_PROF | B56: total_owner | C56: 5479.81 | D56: 5.35 | E56: Sí | F56: AM07 | I56: CATPROF | J56: Traspàs recent
A57: E13_MBAE | B57: total_owner | C57: 684.13 | D57: 0.67 | E57: ?? | H57: XMC:Identificar dependències, jobs, sh, ultim accés user, útimes operacions DML/DDL. Revocar permisos abans d'eliminar | K57: Revisat.Revisar 3.2 i es podria eliminar
A58: E13_CONVOVT | B58: total_owner | C58: 600.75 | D58: 0.59 | E58: ?? | H58: XMC:Identificar dependències, jobs, sh, ultim accés user, útimes operacions DML/DDL. Revocar permisos abans d'eliminar | K58: Revisat.Comparteix dependencies 3.2 amb APEX_200200
A59: E13_CFP | B59: total_owner | C59: 377.06 | D59: 0.37 | E59: No | F59: AM10
A60: E13_CMD_GES | B60: total_owner | C60: 10 | D60: 0.01 | E60: No | F60: AM05
A61: E13_CMF | B61: total_owner | C61: 1.13 | D61: 0 | E61: ?? | F61: AM07 | H61: XMC:Identificar dependències, jobs, sh, ultim accés user, útimes operacions DML/DDL. Revocar permisos abans d'eliminar | I61: CMF | J61: Raquel Mestres
A62: RESTAURA | B62: total_owner | C62: 483.19 | D62: 0.47 | E62: ?? | H62: XMC:Identificar dependències, jobs, sh, ultim accés user, útimes operacions DML/DDL. Revocar permisos abans d'eliminar
A63: SIGMA2 | B63: total_owner | C63: 325.69 | D63: 0.32 | E63: ?? | H63: XMC:Identificar dependències, jobs, sh, ultim accés user, útimes operacions DML/DDL. Revocar permisos abans d'eliminar
A64: E13_JIRA | B64: total_owner | C64: 310.56 | D64: 0.3 | E64: ?? | H64: XMC:Identificar dependències, jobs, sh, ultim accés user, útimes operacions DML/DDL. Revocar permisos abans d'eliminar
A65: EQCAS | B65: total_owner | C65: 304.38 | D65: 0.3 | E65: ?? | H65: XMC:Identificar dependències, jobs, sh, ultim accés user, útimes operacions DML/DDL. Revocar permisos abans d'eliminar
A66: E13_CORALS | B66: total_owner | C66: 2.13 | D66: 0 | E66: No | F66: AM10
A67: E13_CSF | B67: total_owner | C67: 432.56 | D67: 0.42 | E67: No | F67: AM10
A68: E13_CWS | B68: total_owner | C68: 2014389.1 | D68: 1967.18 | E68: No | F68: AM10
A69: E13_D1X1 | B69: total_owner | C69: 296.69 | D69: 0.29 | E69: ?? | H69: XMC:Identificar dependències, jobs, sh, ultim accés user, útimes operacions DML/DDL. Revocar permisos abans d'eliminar | K69: Revisat.Comparteix dependencies 3.2 amb E13_TME
A70: RESTORE | B70: total_owner | C70: 208.31 | D70: 0.2 | E70: ?? | H70: XMC:Identificar dependències, jobs, sh, ultim accés user, útimes operacions DML/DDL. Revocar permisos abans d'eliminar
A71: E13_ECND | B71: total_owner | C71: 770.94 | D71: 0.75 | E71: No | F71: AM05
A72: E13_EDUCERCA | B72: total_owner | C72: 8907.88 | D72: 8.7 | E72: No | F72: AM07 | H72: Conté informació necessaria
A73: PUCADM | B73: total_owner | C73: 181.25 | D73: 0.18 | E73: ?? | H73: XMC:Identificar dependències, jobs, sh, ultim accés user, útimes operacions DML/DDL. Revocar permisos abans d'eliminar
A74: QV | B74: total_owner | C74: 169 | D74: 0.17 | E74: ?? | H74: XMC:Identificar dependències, jobs, sh, ultim accés user, útimes operacions DML/DDL. Revocar permisos abans d'eliminar
A75: E13_ESE | B75: total_owner | C75: 132.88 | D75: 0.13 | E75: No | F75: AM05
A76: E13_ASI | B76: total_owner | C76: 118.19 | D76: 0.12 | E76: ?? | H76: XMC:Identificar dependències, jobs, sh, ultim accés user, útimes operacions DML/DDL. Revocar permisos abans d'eliminar | K76: Sense lot assignat,REVISAT JVA Es pot eliminar
A77: E13_FDC | B77: total_owner | C77: 1688.69 | D77: 1.65 | E77: No | F77: AM10
A78: E13_FIE | B78: total_owner | C78: 1794.19 | D78: 1.75 | E78: No | F78: AM07 | I78: FIE | J78: Andrea Cánovas
A79: E13_FORMACIO | B79: total_owner | C79: 3724.06 | D79: 3.64 | E79: No | F79: AM05
A80: E13_FORMACIO_GAF | B80: total_owner | C80: 0.69 | D80: 0 | E80: No | F80: AM05
A81: E13_FPPR | B81: total_owner | C81: 12105.63 | D81: 11.82 | E81: No | F81: AM05
A82: E13_GESTIO_EDIFICI | B82: total_owner | C82: 111.88 | D82: 0.11 | E82: ?? | H82: XMC:Identificar dependències, jobs, sh, ultim accés user, útimes operacions DML/DDL. Revocar permisos abans d'eliminar
A83: E13_GCON | B83: total_owner | C83: 312449.13 | D83: 305.13 | E83: No | F83: AM10
A84: E13_GCONV | B84: total_owner | C84: 14227.13 | D84: 13.89 | E84: NO | F84: AM15
A85: E13_GEL | B85: total_owner | C85: 268.69 | D85: 0.26 | E85: No | F85: AM10
A86: E13_GES_LOE | B86: total_owner | C86: 1558.44 | D86: 1.52 | E86: No | F86: AM11
A87: E13_CAT_SERVEIS | B87: total_owner | C87: 64.25 | D87: 0.06 | E87: ?? | H87: XMC:Identificar dependències, jobs, sh, ultim accés user, útimes operacions DML/DDL. Revocar permisos abans d'eliminar | K87: Sense lot assignat,REVISAT JVA Es pot eliminar
A88: E13_GESTILS | B88: total_owner | C88: 0.31 | D88: 0 | E88: No | F88: AM10
A89: E13_PCONV | B89: total_owner | C89: 61.88 | D89: 0.06 | E89: SÍ | H89: DMM: Es troba de baixa a l'inventari d'app | J89: Andrea Cánovas
A90: UPLOAD | B90: total_owner | C90: 56.75 | D90: 0.06 | E90: ?? | H90: XMC:Identificar dependències, jobs, sh, ultim accés user, útimes operacions DML/DDL. Revocar permisos abans d'eliminar
A91: E13_GIN | B91: total_owner | C91: 462.69 | D91: 0.45 | E91: NO | F91: AM15
A92: E13_PDP | B92: total_owner | C92: 55.06 | D92: 0.05 | E92: ?? | H92: XMC:Identificar dependències, jobs, sh, ultim accés user, útimes operacions DML/DDL. Revocar permisos abans d'eliminar
A93: E13_GSA | B93: total_owner | C93: 32.94 | D93: 0.03 | E93: No | F93: AM10
A94: E13_GSA_AAC | B94: total_owner | C94: 154.69 | D94: 0.15 | E94: No | F94: AM10
A95: E13_GSA_ACR | B95: total_owner | C95: 590.06 | D95: 0.58 | E95: No | F95: AM10
A96: E13_GSA_AUC | B96: total_owner | C96: 8.44 | D96: 0.01 | E96: ?? | F96: AM10 | H96: JCN: Pendent decisió ATIC. Forta dependència amb GSA_Nucli
A97: E13_GSA_CFI | B97: total_owner | C97: 10.44 | D97: 0.01 | E97: No | F97: AM10
A98: E13_GSA_CONF | B98: total_owner | C98: 50.5 | D98: 0.05 | E98: No | F98: AM10
A99: E13_GSA_EEM | B99: total_owner | C99: 439.94 | D99: 0.43 | E99: No | F99: AM10
A100: E13_GSA_EOI | B100: total_owner | C100: 443.06 | D100: 0.43 | E100: No | F100: AM10
...

Sheet Hoja1
A1: OR UPPER(text) LIKE '% | B1: ADSL | C1: .%' | D1: =CONCATENATE(A1,TRIM(B1),C1) -> OR UPPER(text) LIKE '%ADSL.%'
A2: OR UPPER(text) LIKE '% | B2: AM10_38136279W | C2: .%' | D2: =CONCATENATE(A2,TRIM(B2),C2) -> OR UPPER(text) LIKE '%AM10_38136279W.%'
A3: OR UPPER(text) LIKE '% | B3: APEX_SSO | C3: .%' | D3: =CONCATENATE(A3,TRIM(B3),C3) -> OR UPPER(text) LIKE '%APEX_SSO.%'
A4: OR UPPER(text) LIKE '% | B4: AUDITORI | C4: .%' | D4: =CONCATENATE(A4,TRIM(B4),C4) -> OR UPPER(text) LIKE '%AUDITORI.%'
A5: OR UPPER(text) LIKE '% | B5: BIPUBSCHED | C5: .%' | D5: =CONCATENATE(A5,TRIM(B5),C5) -> OR UPPER(text) LIKE '%BIPUBSCHED.%'
A6: OR UPPER(text) LIKE '% | B6: DIRCENT | C6: .%' | D6: =CONCATENATE(A6,TRIM(B6),C6) -> OR UPPER(text) LIKE '%DIRCENT.%'
A7: OR UPPER(text) LIKE '% | B7: DUPLIXTEC | C7: .%' | D7: =CONCATENATE(A7,TRIM(B7),C7) -> OR UPPER(text) LIKE '%DUPLIXTEC.%'
A8: OR UPPER(text) LIKE '% | B8: E13_ADPD | C8: .%' | D8: =CONCATENATE(A8,TRIM(B8),C8) -> OR UPPER(text) LIKE '%E13_ADPD.%'
A9: OR UPPER(text) LIKE '% | B9: E13_AFD | C9: .%' | D9: =CONCATENATE(A9,TRIM(B9),C9) -> OR UPPER(text) LIKE '%E13_AFD.%'
A10: OR UPPER(text) LIKE '% | B10: E13_AJUTS | C10: .%' | D10: =CONCATENATE(A10,TRIM(B10),C10) -> OR UPPER(text) LIKE '%E13_AJUTS.%'
A11: OR UPPER(text) LIKE '% | B11: E13_APACTIU | C11: .%' | D11: =CONCATENATE(A11,TRIM(B11),C11) -> OR UPPER(text) LIKE '%E13_APACTIU.%'
A12: OR UPPER(text) LIKE '% | B12: E13_APBLOE | C12: .%' | D12: =CONCATENATE(A12,TRIM(B12),C12) -> OR UPPER(text) LIKE '%E13_APBLOE.%'
... A109: OR UPPER(text) LIKE '% | B109: XTEC_ALTES | C109: .%' | D109: =CONCATENATE(A109,TRIM(B109),C109) -> OR UPPER(text) LIKE '%XTEC_ALTES.%'

Sheet Espai x taules
A1: OWNER | B1: TABLE | C1: MBYTES | D1: GBBytes | E1: Es pot eliminar? | F1: Lot | G1: Política esborrat/conservació? | H1: Observacions | I1: Aplicació | J1: GS | K1: Pertany esquema obsolet
A2: E13_CWS | B2: OSB_TRACES_COMUNES | C2: 468851 | D2: =new_212__3[[#This Row],[MBYTES]]/1024 -> 457.8623 | E2: No | F2: AM10 | H2: Taula amb els registres de log de l'OSB a partir del 2021 | K2: {=IF(_xlfn.XLOOKUP(TRIM(A2),TRIM('Espai x esquema'!$A:$A),'Espai x esquema'!$E:$E,"",0)="Sí, però", "Sí", _xlfn.XLOOKUP(TRIM(A2),TRIM('Espai x esquema'!$A:$A),'Espai x esquema'!$E:$E,"",0))} -> No
A3: E13_AWA | B3: UTILS_TB_LOG | C3: 301223 | D3: =new_212__3[[#This Row],[MBYTES]]/1024 -> 294.16309 | E3: No | F3: AM10 | G3: Cal conservar, es manté el LOG de 1 mes | K3: {=IF(_xlfn.XLOOKUP(TRIM(A3),TRIM('Espai x esquema'!$A:$A),'Espai x esquema'!$E:$E,"",0)="Sí, però", "Sí", _xlfn.XLOOKUP(TRIM(A3),TRIM('Espai x esquema'!$A:$A),'Espai x esquema'!$E:$E,"",0))} -> No
A4: E13_CWS | B4: OSB_TRACES_COMUNES_BCK | C4: 197348 | D4: =new_212__3[[#This Row],[MBYTES]]/1024 -> 192.72266 | E4: No | F4: AM10 | H4: Taula amb els registres de log de l'OSB fins al 2021 | K4: {=IF(_xlfn.XLOOKUP(TRIM(A4),TRIM('Espai x esquema'!$A:$A),'Espai x esquema'!$E:$E,"",0)="Sí, però", "Sí", _xlfn.XLOOKUP(TRIM(A4),TRIM('Espai x esquema'!$A:$A),'Espai x esquema'!$E:$E,"",0))} -> No
A5: IDI | B5: UTILS_TB_HST_LOG | C5: 121019 | D5: =new_212__3[[#This Row],[MBYTES]]/1024 -> 118.18262 | E5: No | F5: AM10 | G5: Cal conservar, es manté el LOG de 2 anys | K5: {=IF(_xlfn.XLOOKUP(TRIM(A5),TRIM('Espai x esquema'!$A:$A),'Espai x esquema'!$E:$E,"",0)="Sí, però", "Sí", _xlfn.XLOOKUP(TRIM(A5),TRIM('Espai x esquema'!$A:$A),'Espai x esquema'!$E:$E,"",0))} -> No
A6: GEDAC | B6: PROCES_GEDAC_DETALL | C6: 55825 | D6: =new_212__3[[#This Row],[MBYTES]]/1024 -> 54.516602 | E6: No | F6: AM10 | G6: No existeix política d'esborrat. | K6: {=IF(_xlfn.XLOOKUP(TRIM(A6),TRIM('Espai x esquema'!$A:$A),'Espai x esquema'!$E:$E,"",0)="Sí, però", "Sí", _xlfn.XLOOKUP(TRIM(A6),TRIM('Espai x esquema'!$A:$A),'Espai x esquema'!$E:$E,"",0))} -> No
A7: ADMXTEC | B7: UTILS_TB_HST_LOG | C7: 51330 | D7: =new_212__3[[#This Row],[MBYTES]]/1024 -> 50.126953 | E7: No | F7: AM10 | G7: Cal conservar, es manté el LOG de 6 mesos | K7: {=IF(_xlfn.XLOOKUP(TRIM(A7),TRIM('Espai x esquema'!$A:$A),'Espai x esquema'!$E:$E,"",0)="Sí, però", "Sí", _xlfn.XLOOKUP(TRIM(A7),TRIM('Espai x esquema'!$A:$A),'Espai x esquema'!$E:$E,"",0))} -> No
A8: GAFADM | B8: T_LOG_PERSONA | C8: 50780 | D8: 49.589844 | E8: No | F8: AM05 | G8: No en té | K8: {=IF(_xlfn.XLOOKUP(TRIM(A8),TRIM('Espai x esquema'!$A:$A),'Espai x esquema'!$E:$E,"",0)="Sí, però", "Sí", _xlfn.XLOOKUP(TRIM(A8),TRIM('Espai x esquema'!$A:$A),'Espai x esquema'!$E:$E,"",0))} -> No
A9: E13_CWS | B9: UTILS_TB_HST_LOG | C9: 43550 | D9: =new_212__3[[#This Row],[MBYTES]]/1024 -> 42.529297 | E9: No | F9: AM10 | G9: Cal conservar, es manté el LOG de 2 anys | K9: {=IF(_xlfn.XLOOKUP(TRIM(A9),TRIM('Espai x esquema'!$A:$A),'Espai x esquema'!$E:$E,"",0)="Sí, però", "Sí", _xlfn.XLOOKUP(TRIM(A9),TRIM('Espai x esquema'!$A:$A),'Espai x esquema'!$E:$E,"",0))} -> No
A10: IDI | B10: UTILS_TB_LOG | C10: 40938 | D10: =new_212__3[[#This Row],[MBYTES]]/1024 -> 39.978516 | E10: No | F10: AM10 | G10: Cal conservar, es manté el LOG de 6 mesos | K10: {=IF(_xlfn.XLOOKUP(TRIM(A10),TRIM('Espai x esquema'!$A:$A),'Espai x esquema'!$E:$E,"",0)="Sí, però", "Sí", _xlfn.XLOOKUP(TRIM(A10),TRIM('Espai x esquema'!$A:$A),'Espai x esquema'!$E:$E,"",0))} -> No
A11: E13_GICARSM | B11: SMACCESSLOG4 | C11: 39562 | D11: =new_212__3[[#This Row],[MBYTES]]/1024 -> 38.634766 | K11: {=IF(_xlfn.XLOOKUP(TRIM(A11),TRIM('Espai x esquema'!$A:$A),'Espai x esquema'!$E:$E,"",0)="Sí, però", "Sí", _xlfn.XLOOKUP(TRIM(A11),TRIM('Espai x esquema'!$A:$A),'Espai x esquema'!$E:$E,"",0))} -> ??
A12: E13_SSO_SM | B12: UTILS_TB_LOG | C12: 38519 | D12: =new_212__3[[#This Row],[MBYTES]]/1024 -> 37.616211 | E12: No | F12: AM10 | G12: No exisitex política d'esborrat | K12: {=IF(_xlfn.XLOOKUP(TRIM(A12),TRIM('Espai x esquema'!$A:$A),'Espai x esquema'!$E:$E,"",0)="Sí, però", "Sí", _xlfn.XLOOKUP(TRIM(A12),TRIM('Espai x esquema'!$A:$A),'Espai x esquema'!$E:$E,"",0))} -> No
A13: E13_OVT_PUBLI | B13: OVT_PUBLITB_AP_RESULTATS | C13: 27168 | D13: =new_212__3[[#This Row],[MBYTES]]/1024 -> 26.53125 | E13: No | F13: AM10 | G13: Taula d'aplicació. No aplica | K13: {=IF(_xlfn.XLOOKUP(TRIM(A13),TRIM('Espai x esquema'!$A:$A),'Espai x esquema'!$E:$E,"",0)="Sí, però", "Sí", _xlfn.XLOOKUP(TRIM(A13),TRIM('Espai x esquema'!$A:$A),'Espai x esquema'!$E:$E,"",0))} -> No
A14: E13_CWS | B14: UTILS_TB_LOG | C14: 25430 | D14: =new_212__3[[#This Row],[MBYTES]]/1024 -> 24.833984 | E14: No | F14: AM10 | G14: Cal conservar, es manté el LOG de 6 mesos | K14: {=IF(_xlfn.XLOOKUP(TRIM(A14),TRIM('Espai x esquema'!$A:$A),'Espai x esquema'!$E:$E,"",0)="Sí, però", "Sí", _xlfn.XLOOKUP(TRIM(A14),TRIM('Espai x esquema'!$A:$A),'Espai x esquema'!$E:$E,"",0))} -> No
A15: GEDAC | B15: LOG_SOLICITUDS_HISTORIC | C15: 23106 | D15: =new_212__3[[#This Row],[MBYTES]]/1024 -> 22.564453 | E15: No | F15: AM10 | G15: Taula destinària de l'esborrat de LOG_SOLICITUDS | K15: {=IF(_xlfn.XLOOKUP(TRIM(A15),TRIM('Espai x esquema'!$A:$A),'Espai x esquema'!$E:$E,"",0)="Sí, però", "Sí", _xlfn.XLOOKUP(TRIM(A15),TRIM('Espai x esquema'!$A:$A),'Espai x esquema'!$E:$E,"",0))} -> No
A16: E13_RALC | B16: UTILS_TB_HST_LOG | C16: 20848 | D16: =new_212__3[[#This Row],[MBYTES]]/1024 -> 20.359375 | E16: No | F16: AM10 | G16: Cal conservar, es manté el LOG de 2 anys | K16: {=IF(_xlfn.XLOOKUP(TRIM(A16),TRIM('Espai x esquema'!$A:$A),'Espai x esquema'!$E:$E,"",0)="Sí, però", "Sí", _xlfn.XLOOKUP(TRIM(A16),TRIM('Espai x esquema'!$A:$A),'Espai x esquema'!$E:$E,"",0))} -> No
A17: E13_SML | B17: TWSC_MAILS | C17: 17503 | D17: =new_212__3[[#This Row],[MBYTES]]/1024 -> 17.092773 | E17: No | F17: AM10 | G17: Cal conservar, es manté el LOG de 1 mes | K17: {=IF(_xlfn.XLOOKUP(TRIM(A17),TRIM('Espai x esquema'!$A:$A),'Espai x esquema'!$E:$E,"",0)="Sí, però", "Sí", _xlfn.XLOOKUP(TRIM(A17),TRIM('Espai x esquema'!$A:$A),'Espai x esquema'!$E:$E,"",0))} -> No
A18: PAEC | B18: UTILS_TB_LOG | C18: 17205 | D18: =new_212__3[[#This Row],[MBYTES]]/1024 -> 16.801758 | E18: No | F18: AM10 | K18: {=IF(_xlfn.XLOOKUP(TRIM(A18),TRIM('Espai x esquema'!$A:$A),'Espai x esquema'!$E:$E,"",0)="Sí, però", "Sí", _xlfn.XLOOKUP(TRIM(A18),TRIM('Espai x esquema'!$A:$A),'Espai x esquema'!$E:$E,"",0))} -> No
A19: E13_MSG | B19: MSG_TB_PETICIO_DET | C19: 16314 | D19: =new_212__3[[#This Row],[MBYTES]]/1024 -> 15.931641 | E19: No | F19: AM10 | G19: No exisitex política d'esborrat | K19: {=IF(_xlfn.XLOOKUP(TRIM(A19),TRIM('Espai x esquema'!$A:$A),'Espai x esquema'!$E:$E,"",0)="Sí, però", "Sí", _xlfn.XLOOKUP(TRIM(A19),TRIM('Espai x esquema'!$A:$A),'Espai x esquema'!$E:$E,"",0))} -> No
A20: E13_VAD | B20: VADTB_LOG | C20: 15808 | D20: =new_212__3[[#This Row],[MBYTES]]/1024 -> 15.4375 | F20: AM10 | K20: {=IF(_xlfn.XLOOKUP(TRIM(A20),TRIM('Espai x esquema'!$A:$A),'Espai x esquema'!$E:$E,"",0)="Sí, però", "Sí", _xlfn.XLOOKUP(TRIM(A20),TRIM('Espai x esquema'!$A:$A),'Espai x esquema'!$E:$E,"",0))} -> No
A21: E13_HST_A6P | B21: HST_AGD_AVA_ALUMNE_ITEM | C21: 14788 | D21: =new_212__3[[#This Row],[MBYTES]]/1024 -> 14.441406 | E21: No | F21: AM10 | H21: No són taules LOG | K21: {=IF(_xlfn.XLOOKUP(TRIM(A21),TRIM('Espai x esquema'!$A:$A),'Espai x esquema'!$E:$E,"",0)="Sí, però", "Sí", _xlfn.XLOOKUP(TRIM(A21),TRIM('Espai x esquema'!$A:$A),'Espai x esquema'!$E:$E,"",0))} -> No
A22: E13_PLD | B22: PLDTB_AP_ESPEC_PROFES | C22: 14764 | D22: 14.417969 | E22: No | F22: AM05 | G22: No en té | K22: {=IF(_xlfn.XLOOKUP(TRIM(A22),TRIM('Espai x esquema'!$A:$A),'Espai x esquema'!$E:$E,"",0)="Sí, però", "Sí", _xlfn.XLOOKUP(TRIM(A22),TRIM('Espai x esquema'!$A:$A),'Espai x esquema'!$E:$E,"",0))} -> No
A23: E13_BAE | B23: BAE_DMA_CURRICULUM | C23: 14211 | D23: =new_212__3[[#This Row],[MBYTES]]/1024 -> 13.87793 | E23: No | F23: AM10 | G23: Cal conservar, dades amb finestra de dos anys | K23: {=IF(_xlfn.XLOOKUP(TRIM(A23),TRIM('Espai x esquema'!$A:$A),'Espai x esquema'!$E:$E,"",0)="Sí, però", "Sí", _xlfn.XLOOKUP(TRIM(A23),TRIM('Espai x esquema'!$A:$A),'Espai x esquema'!$E:$E,"",0))} -> No
A24: E13_AGD | B24: OLD_HST_AGD_AVA_ALUMNE_ITEM | C24: 13944 | D24: =new_212__3[[#This Row],[MBYTES]]/1024 -> 13.617188 | E24: No | F24: AM10 | H24: No són taules LOG | K24: {=IF(_xlfn.XLOOKUP(TRIM(A24),TRIM('Espai x esquema'!$A:$A),'Espai x esquema'!$E:$E,"",0)="Sí, però", "Sí", _xlfn.XLOOKUP(TRIM(A24),TRIM('Espai x esquema'!$A:$A),'Espai x esquema'!$E:$E,"",0))} -> No
A25: SAGA_CENTRAL | B25: BO_LOG_AUTORITZACIO | C25: 13106 | D25: =new_212__3[[#This Row],[MBYTES]]/1024 -> 12.798828 | E25: Sí | F25: AM11 | G25: Politica d'esborrat anys anteriors, hi ha dades des del 2006 | H25: Procediments Oracle on desa els errors de les accions | I25: SAGA | J25: Oscar Mendez | K25: {=IF(_xlfn.XLOOKUP(TRIM(A25),TRIM('Espai x esquema'!$A:$A),'Espai x esquema'!$E:$E,"",0)="Sí, però", "Sí", _xlfn.XLOOKUP(TRIM(A25),TRIM('Espai x esquema'!$A:$A),'Espai x esquema'!$E:$E,"",0))} -> No
A26: E13_A6P | B26: HST_A6P_RESULTAT | C26: 12548 | D26: =new_212__3[[#This Row],[MBYTES]]/1024 -> 12.253906 | E26: No | F26: AM10 | H26: No són taules LOG | K26: {=IF(_xlfn.XLOOKUP(TRIM(A26),TRIM('Espai x esquema'!$A:$A),'Espai x esquema'!$E:$E,"",0)="Sí, però", "Sí", _xlfn.XLOOKUP(TRIM(A26),TRIM('Espai x esquema'!$A:$A),'Espai x esquema'!$E:$E,"",0))} -> No
A27: E13_A4S | B27: HST_A4S_RESULTAT | C27: 11088 | D27: =new_212__3[[#This Row],[MBYTES]]/1024 -> 10.828125 | E27: No | F27: AM10 | H27: No són taules LOG | K27: {=IF(_xlfn.XLOOKUP(TRIM(A27),TRIM('Espai x esquema'!$A:$A),'Espai x esquema'!$E:$E,"",0)="Sí, però", "Sí", _xlfn.XLOOKUP(TRIM(A27),TRIM('Espai x esquema'!$A:$A),'Espai x esquema'!$E:$E,"",0))} -> No
A28: E13_BAE | B28: BAE_DMA_CURRICULUM_AVALUACIO | C28: 10952 | D28: =new_212__3[[#This Row],[MBYTES]]/1024 -> 10.695312 | E28: No | F28: AM10 | G28: Cal conservar, dades amb finestra de dos anys | K28: {=IF(_xlfn.XLOOKUP(TRIM(A28),TRIM('Espai x esquema'!$A:$A),'Espai x esquema'!$E:$E,"",0)="Sí, però", "Sí", _xlfn.XLOOKUP(TRIM(A28),TRIM('Espai x esquema'!$A:$A),'Espai x esquema'!$E:$E,"",0))} -> No
A29: GEDAC | B29: LOG_GEDAC | C29: 10914 | D29: =new_212__3[[#This Row],[MBYTES]]/1024 -> 10.658203 | E29: No | F29: AM10 | G29: Cal conservar, són els logs dels darrers 15 dies | K29: {=IF(_xlfn.XLOOKUP(TRIM(A29),TRIM('Espai x esquema'!$A:$A),'Espai x esquema'!$E:$E,"",0)="Sí, però", "Sí", _xlfn.XLOOKUP(TRIM(A29),TRIM('Espai x esquema'!$A:$A),'Espai x esquema'!$E:$E,"",0))} -> No
A30: GEDAC | B30: GEDACPRE_ENVIAMENT_CORREUS | C30: 10591 | D30: =new_212__3[[#This Row],[MBYTES]]/1024 -> 10.342773 | E30: No | F30: AM10 | G30: No existeix política d'esborrat. | K30: {=IF(_xlfn.XLOOKUP(TRIM(A30),TRIM('Espai x esquema'!$A:$A),'Espai x esquema'!$E:$E,"",0)="Sí, però", "Sí", _xlfn.XLOOKUP(TRIM(A30),TRIM('Espai x esquema'!$A:$A),'Espai x esquema'!$E:$E,"",0))} -> No
A31: E13_AAC_PREINS | B31: AACTBLOG_WS | C31: 9128 | D31: =new_212__3[[#This Row],[MBYTES]]/1024 -> 8.9140625 | E31: No | F31: AM10 | G31: No existeix política d'esborrat. | K31: {=IF(_xlfn.XLOOKUP(TRIM(A31),TRIM('Espai x esquema'!$A:$A),'Espai x esquema'!$E:$E,"",0)="Sí, però", "Sí", _xlfn.XLOOKUP(TRIM(A31),TRIM('Espai x esquema'!$A:$A),'Espai x esquema'!$E:$E,"",0))} -> Sí
A32: GAVIS | B32: UTILS_TB_LOG | C32: 8501 | D32: =new_212__3[[#This Row],[MBYTES]]/1024 -> 8.3017578 | E32: No | F32: AM10 | K32: {=IF(_xlfn.XLOOKUP(TRIM(A32),TRIM('Espai x esquema'!$A:$A),'Espai x esquema'!$E:$E,"",0)="Sí, però", "Sí", _xlfn.XLOOKUP(TRIM(A32),TRIM('Espai x esquema'!$A:$A),'Espai x esquema'!$E:$E,"",0))} -> No
A33: E13_RALC | B33: UTILS_TB_LOG | C33: 8274 | D33: =new_212__3[[#This Row],[MBYTES]]/1024 -> 8.0800781 | E33: No | F33: AM10 | G33: Cal conservar, es manté el LOG de 6 mesos | K33: {=IF(_xlfn.XLOOKUP(TRIM(A33),TRIM('Espai x esquema'!$A:$A),'Espai x esquema'!$E:$E,"",0)="Sí, però", "Sí", _xlfn.XLOOKUP(TRIM(A33),TRIM('Espai x esquema'!$A:$A),'Espai x esquema'!$E:$E,"",0))} -> No
A34: E13_OFE_EDU | B34: UTILS_TB_LOG | C34: 7916 | D34: =new_212__3[[#This Row],[MBYTES]]/1024 -> 7.7304688 | E34: No | F34: AM10 | G34: No existeix política d'esborrat. | K34: {=IF(_xlfn.XLOOKUP(TRIM(A34),TRIM('Espai x esquema'!$A:$A),'Espai x esquema'!$E:$E,"",0)="Sí, però", "Sí", _xlfn.XLOOKUP(TRIM(A34),TRIM('Espai x esquema'!$A:$A),'Espai x esquema'!$E:$E,"",0))} -> No
A35: GAFADM | B35: T_LOG_ACTIVITAT | C35: 7592 | D35: 7.4140625 | E35: No | F35: AM05 | G35: No en té | K35: {=IF(_xlfn.XLOOKUP(TRIM(A35),TRIM('Espai x esquema'!$A:$A),'Espai x esquema'!$E:$E,"",0)="Sí, però", "Sí", _xlfn.XLOOKUP(TRIM(A35),TRIM('Espai x esquema'!$A:$A),'Espai x esquema'!$E:$E,"",0))} -> No
A36: E13_BAE | B36: BKBAE_DMA_CURRICULUM | C36: 7589 | D36: =new_212__3[[#This Row],[MBYTES]]/1024 -> 7.4111328 | E36: Sí | F36: AM10 | G36: Taula de backup sol·licitada en un AGIN ja resolt | I36: BAE | J36: Andrea Cánovas | K36: {=IF(_xlfn.XLOOKUP(TRIM(A36),TRIM('Espai x esquema'!$A:$A),'Espai x esquema'!$E:$E,"",0)="Sí, però", "Sí", _xlfn.XLOOKUP(TRIM(A36),TRIM('Espai x esquema'!$A:$A),'Espai x esquema'!$E:$E,"",0))} -> No
A37: E13_BAE | B37: BK3BAE_DMA_CURRICULUM | C37: 7574 | D37: =new_212__3[[#This Row],[MBYTES]]/1024 -> 7.3964844 | E37: Sí | F37: AM10 | G37: Taula de backup sol·licitada en un AGIN ja resolt | I37: BAE | J37: Andrea Cánovas | K37: {=IF(_xlfn.XLOOKUP(TRIM(A37),TRIM('Espai x esquema'!$A:$A),'Espai x esquema'!$E:$E,"",0)="Sí, però", "Sí", _xlfn.XLOOKUP(TRIM(A37),TRIM('Espai x esquema'!$A:$A),'Espai x esquema'!$E:$E,"",0))} -> No
A38: E13_BAE | B38: BK2BAE_DMA_CURRICULUM | C38: 7573 | D38: =new_212__3[[#This Row],[MBYTES]]/1024 -> 7.3955078 | E38: Sí | F38: AM10 | G38: Taula de backup sol·licitada en un AGIN ja resolt | I38: BAE | J38: Andrea Cánovas | K38: {=IF(_xlfn.XLOOKUP(TRIM(A38),TRIM('Espai x esquema'!$A:$A),'Espai x esquema'!$E:$E,"",0)="Sí, però", "Sí", _xlfn.XLOOKUP(TRIM(A38),TRIM('Espai x esquema'!$A:$A),'Espai x esquema'!$E:$E,"",0))} -> No
A39: E13_AGD | B39: OLD_HST_AGD_RESULTAT | C39: 7388 | D39: =new_212__3[[#This Row],[MBYTES]]/1024 -> 7.2148438 | E39: No | F39: AM10 | H39: No són taules LOG | K39: {=IF(_xlfn.XLOOKUP(TRIM(A39),TRIM('Espai x esquema'!$A:$A),'Espai x esquema'!$E:$E,"",0)="Sí, però", "Sí", _xlfn.XLOOKUP(TRIM(A39),TRIM('Espai x esquema'!$A:$A),'Espai x esquema'!$E:$E,"",0))} -> No
A40: E13_SIDIE | B40: EX_V_DMA_CURRICULUM | C40: 6945 | D40: =new_212__3[[#This Row],[MBYTES]]/1024 -> 6.7822266 | E40: No | F40: AM10 | K40: {=IF(_xlfn.XLOOKUP(TRIM(A40),TRIM('Espai x esquema'!$A:$A),'Espai x esquema'!$E:$E,"",0)="Sí, però", "Sí", _xlfn.XLOOKUP(TRIM(A40),TRIM('Espai x esquema'!$A:$A),'Espai x esquema'!$E:$E,"",0))} -> No
A41: ADMXTEC | B41: UTILS_TB_LOG | C41: 6714 | D41: =new_212__3[[#This Row],[MBYTES]]/1024 -> 6.5566406 | E41: No | F41: AM10 | G41: Cal conservar, es manté el LOG de 15 dies | K41: {=IF(_xlfn.XLOOKUP(TRIM(A41),TRIM('Espai x esquema'!$A:$A),'Espai x esquema'!$E:$E,"",0)="Sí, però", "Sí", _xlfn.XLOOKUP(TRIM(A41),TRIM('Espai x esquema'!$A:$A),'Espai x esquema'!$E:$E,"",0))} -> No
A42: E13_GSA_NUCLI | B42: GSATBG77_APP_LOG | C42: 6091 | D42: =new_212__3[[#This Row],[MBYTES]]/1024 -> 5.9482422 | E42: No | F42: AM10 | G42: No existeix política d'esborrat | K42: {=IF(_xlfn.XLOOKUP(TRIM(A42),TRIM('Espai x esquema'!$A:$A),'Espai x esquema'!$E:$E,"",0)="Sí, però", "Sí", _xlfn.XLOOKUP(TRIM(A42),TRIM('Espai x esquema'!$A:$A),'Espai x esquema'!$E:$E,"",0))} -> No
A43: E13_RLE | B43: RLE_LOG | C43: 5692 | D43: =new_212__3[[#This Row],[MBYTES]]/1024 -> 5.5585938 | E43: ?? | K43: {=IF(_xlfn.XLOOKUP(TRIM(A43),TRIM('Espai x esquema'!$A:$A),'Espai x esquema'!$E:$E,"",0)="Sí, però", "Sí", _xlfn.XLOOKUP(TRIM(A43),TRIM('Espai x esquema'!$A:$A),'Espai x esquema'!$E:$E,"",0))} -> No
A44: ADMCTRL | B44: TB_CONTROL_ACCESSOS | C44: 5381 | D44: =new_212__3[[#This Row],[MBYTES]]/1024 -> 5.2548828 | E44: No | F44: AM10 | K44: {=IF(_xlfn.XLOOKUP(TRIM(A44),TRIM('Espai x esquema'!$A:$A),'Espai x esquema'!$E:$E,"",0)="Sí, però", "Sí", _xlfn.XLOOKUP(TRIM(A44),TRIM('Espai x esquema'!$A:$A),'Espai x esquema'!$E:$E,"",0))} -> No
A45: E13_POE | B45: POETB103_LOGS_PROCESSOS | C45: 5214 | D45: =new_212__3[[#This Row],[MBYTES]]/1024 -> 5.0917969 | E45: No | F45: AM10 | H45: Es pot esborrar el contingut | K45: {=IF(_xlfn.XLOOKUP(TRIM(A45),TRIM('Espai x esquema'!$A:$A),'Espai x esquema'!$E:$E,"",0)="Sí, però", "Sí", _xlfn.XLOOKUP(TRIM(A45),TRIM('Espai x esquema'!$A:$A),'Espai x esquema'!$E:$E,"",0))} -> No
A46: E13_CAT_PROF | B46: LOG_CRIDES_WS | C46: 5039 | D46: =new_212__3[[#This Row],[MBYTES]]/1024 -> 4.9208984 | E46: Sí | F46: AM07 | I46: CATPROF | J46: Traspàs recent | K46: {=IF(_xlfn.XLOOKUP(TRIM(A46),TRIM('Espai x esquema'!$A:$A),'Espai x esquema'!$E:$E,"",0)="Sí, però", "Sí", _xlfn.XLOOKUP(TRIM(A46),TRIM('Espai x esquema'!$A:$A),'Espai x esquema'!$E:$E,"",0))} -> Sí
A47: VFS_NICE_264 | B47: ACTION_LOG_OLD | C47: 4874 | D47: =new_212__3[[#This Row],[MBYTES]]/1024 -> 4.7597656 | E47: ?? | K47: {=IF(_xlfn.XLOOKUP(TRIM(A47),TRIM('Espai x esquema'!$A:$A),'Espai x esquema'!$E:$E,"",0)="Sí, però", "Sí", _xlfn.XLOOKUP(TRIM(A47),TRIM('Espai x esquema'!$A:$A),'Espai x esquema'!$E:$E,"",0))} -> ??
A48: E13_SII | B48: SIITBMATRICULES | C48: 4602 | D48: =new_212__3[[#This Row],[MBYTES]]/1024 -> 4.4941406 | E48: No | F48: AM10 | K48: {=IF(_xlfn.XLOOKUP(TRIM(A48),TRIM('Espai x esquema'!$A:$A),'Espai x esquema'!$E:$E,"",0)="Sí, però", "Sí", _xlfn.XLOOKUP(TRIM(A48),TRIM('Espai x esquema'!$A:$A),'Espai x esquema'!$E:$E,"",0))} -> No
A49: E13_RLE | B49: TRAC_TB_CARREGA_VACUNA_LOG | C49: 4393 | D49: 4.2900391 | E49: No | F49: AM05 | G49: No en té | H49: Són aplicació Traçacovid - Es podrien historificar | K49: {=IF(_xlfn.XLOOKUP(TRIM(A49),TRIM('Espai x esquema'!$A:$A),'Espai x esquema'!$E:$E,"",0)="Sí, però", "Sí", _xlfn.XLOOKUP(TRIM(A49),TRIM('Espai x esquema'!$A:$A),'Espai x esquema'!$E:$E,"",0))} -> No
A50: E13_GTO | B50: GTO_LOG_MISSATGE | C50: 4381 | D50: 4.2783203 | E50: No | F50: AM05 | G50: No en té | H50: Es podrien esborrar registres però caldria seleccionar quins es poden esborrar. | K50: {=IF(_xlfn.XLOOKUP(TRIM(A50),TRIM('Espai x esquema'!$A:$A),'Espai x esquema'!$E:$E,"",0)="Sí, però", "Sí", _xlfn.XLOOKUP(TRIM(A50),TRIM('Espai x esquema'!$A:$A),'Espai x esquema'!$E:$E,"",0))} -> No
A51: E13_AWA | B51: UTILS_TB_HST_LOG_OLD | C51: 4358 | D51: =new_212__3[[#This Row],[MBYTES]]/1024 -> 4.2558594 | E51: Sí | F51: AM10 | I51: AWA | J51: Jordi Sala | K51: {=IF(_xlfn.XLOOKUP(TRIM(A51),TRIM('Espai x esquema'!$A:$A),'Espai x esquema'!$E:$E,"",0)="Sí, però", "Sí", _xlfn.XLOOKUP(TRIM(A51),TRIM('Espai x esquema'!$A:$A),'Espai x esquema'!$E:$E,"",0))} -> No
A52: E13_GSA_NUCLI | B52: GSATBG91_OVT_ENV_DETALL | C52: 4353 | D52: =new_212__3[[#This Row],[MBYTES]]/1024 -> 4.2509766 | E52: No | F52: AM10 | G52: Taula d'aplicació. No aplica | K52: {=IF(_xlfn.XLOOKUP(TRIM(A52),TRIM('Espai x esquema'!$A:$A),'Espai x esquema'!$E:$E,"",0)="Sí, però", "Sí", _xlfn.XLOOKUP(TRIM(A52),TRIM('Espai x esquema'!$A:$A),'Espai x esquema'!$E:$E,"",0))} -> No
A53: E13_BORPAS | B53: BORPASTB_CA_OCUPACIO | C53: 4293 | D53: 4.1923828 | E53: No | F53: AM05 | G53: No en té | K53: {=IF(_xlfn.XLOOKUP(TRIM(A53),TRIM('Espai x esquema'!$A:$A),'Espai x esquema'!$E:$E,"",0)="Sí, però", "Sí", _xlfn.XLOOKUP(TRIM(A53),TRIM('Espai x esquema'!$A:$A),'Espai x esquema'!$E:$E,"",0))} -> No
A54: E13_SII | B54: SIITBMATRICULES_BAL | C54: 4256 | D54: =new_212__3[[#This Row],[MBYTES]]/1024 -> 4.15625 | E54: No | F54: AM10 | K54: {=IF(_xlfn.XLOOKUP(TRIM(A54),TRIM('Espai x esquema'!$A:$A),'Espai x esquema'!$E:$E,"",0)="Sí, però", "Sí", _xlfn.XLOOKUP(TRIM(A54),TRIM('Espai x esquema'!$A:$A),'Espai x esquema'!$E:$E,"",0))} -> No
A55: E13_BAE | B55: BK3BAE_DMA_CURRICULUM_AVAL | C55: 3909 | D55: =new_212__3[[#This Row],[MBYTES]]/1024 -> 3.8173828 | E55: Sí | F55: AM10 | G55: Taula de backup sol·licitada en un AGIN ja resolt | I55: BAE | J55: Andrea Cánovas | K55: {=IF(_xlfn.XLOOKUP(TRIM(A55),TRIM('Espai x esquema'!$A:$A),'Espai x esquema'!$E:$E,"",0)="Sí, però", "Sí", _xlfn.XLOOKUP(TRIM(A55),TRIM('Espai x esquema'!$A:$A),'Espai x esquema'!$E:$E,"",0))} -> No
A56: E13_BAE | B56: BK2BAE_DMA_CURRICULUM_AVAL | C56: 3904 | D56: =new_212__3[[#This Row],[MBYTES]]/1024 -> 3.8125 | E56: Sí | F56: AM10 | G56: Taula de backup sol·licitada en un AGIN ja resolt | I56: BAE | J56: Andrea Cánovas | K56: {=IF(_xlfn.XLOOKUP(TRIM(A56),TRIM('Espai x esquema'!$A:$A),'Espai x esquema'!$E:$E,"",0)="Sí, però", "Sí", _xlfn.XLOOKUP(TRIM(A56),TRIM('Espai x esquema'!$A:$A),'Espai x esquema'!$E:$E,"",0))} -> No
A57: E13_FPPR | B57: FPPR_ACDD_ACT_LOGPROC | C57: 3890 | D57: 3.7988281 | E57: No | F57: AM05 | G57: No en té | K57: {=IF(_xlfn.XLOOKUP(TRIM(A57),TRIM('Espai x esquema'!$A:$A),'Espai x esquema'!$E:$E,"",0)="Sí, però", "Sí", _xlfn.XLOOKUP(TRIM(A57),TRIM('Espai x esquema'!$A:$A),'Espai x esquema'!$E:$E,"",0))} -> No
A58: E13_BAE | B58: BKBAE_DMA_CURRICULUM_AVAL | C58: 3885 | D58: =new_212__3[[#This Row],[MBYTES]]/1024 -> 3.7939453 | E58: Sí | F58: AM10 | G58: Taula de backup sol·licitada en un AGIN ja resolt | I58: BAE | J58: Andrea Cánovas | K58: {=IF(_xlfn.XLOOKUP(TRIM(A58),TRIM('Espai x esquema'!$A:$A),'Espai x esquema'!$E:$E,"",0)="Sí, però", "Sí", _xlfn.XLOOKUP(TRIM(A58),TRIM('Espai x esquema'!$A:$A),'Espai x esquema'!$E:$E,"",0))} -> No
A59: E13_VAD | B59: VADTB_AP_DEMANDES_ADJ | C59: 3755 | D59: 3.6669922 | E59: No | F59: AM05 | G59: No en té | H59: Taula paral·lel adjudicació, s'eborra abans de cada execució | K59: {=IF(_xlfn.XLOOKUP(TRIM(A59),TRIM('Espai x esquema'!$A:$A),'Espai x esquema'!$E:$E,"",0)="Sí, però", "Sí", _xlfn.XLOOKUP(TRIM(A59),TRIM('Espai x esquema'!$A:$A),'Espai x esquema'!$E:$E,"",0))} -> No
A60: E13_SUPERVISIO | B60: AO_RESPOSTA_H | C60: 3730 | D60: 3.6425781 | E60: No | F60: AM05 | G60: No en té | K60: {=IF(_xlfn.XLOOKUP(TRIM(A60),TRIM('Espai x esquema'!$A:$A),'Espai x esquema'!$E:$E,"",0)="Sí, però", "Sí", _xlfn.XLOOKUP(TRIM(A60),TRIM('Espai x esquema'!$A:$A),'Espai x esquema'!$E:$E,"",0))} -> No
A61: PERGAM | B61: CATALEG | C61: 3648 | D61: =new_212__3[[#This Row],[MBYTES]]/1024 -> 3.5625 | E61: No | F61: AM10 | G61: Taula d'aplicació. No aplica | K61: {=IF(_xlfn.XLOOKUP(TRIM(A61),TRIM('Espai x esquema'!$A:$A),'Espai x esquema'!$E:$E,"",0)="Sí, però", "Sí", _xlfn.XLOOKUP(TRIM(A61),TRIM('Espai x esquema'!$A:$A),'Espai x esquema'!$E:$E,"",0))} -> No
A62: E13_ESPINA_BD | B62: NOMINES_TFINAL | C62: 3459 | D62: =new_212__3[[#This Row],[MBYTES]]/1024 -> 3.3779297 | E62: ?? | K62: {=IF(_xlfn.XLOOKUP(TRIM(A62),TRIM('Espai x esquema'!$A:$A),'Espai x esquema'!$E:$E,"",0)="Sí, però", "Sí", _xlfn.XLOOKUP(TRIM(A62),TRIM('Espai x esquema'!$A:$A),'Espai x esquema'!$E:$E,"",0))} -> ??
A63: E13_PLD | B63: PLDTB_AP_CTRS_REGISTRE | C63: 3270 | D63: 3.1933594 | E63: No | F63: AM05 | G63: No en té | K63: {=IF(_xlfn.XLOOKUP(TRIM(A63),TRIM('Espai x esquema'!$A:$A),'Espai x esquema'!$E:$E,"",0)="Sí, però", "Sí", _xlfn.XLOOKUP(TRIM(A63),TRIM('Espai x esquema'!$A:$A),'Espai x esquema'!$E:$E,"",0))} -> No
A64: E13_VAD | B64: VADTB_AP_PETIC_AMBIT_ESPEC | C64: 3217 | D64: 3.1416016 | E64: No | F64: AM05 | G64: No en té | K64: {=IF(_xlfn.XLOOKUP(TRIM(A64),TRIM('Espai x esquema'!$A:$A),'Espai x esquema'!$E:$E,"",0)="Sí, però", "Sí", _xlfn.XLOOKUP(TRIM(A64),TRIM('Espai x esquema'!$A:$A),'Espai x esquema'!$E:$E,"",0))} -> No
A65: E13_GSD_ESTIU | B65: GSDTBERRORS | C65: 2947 | D65: 2.8779297 | E65: No | F65: AM05 | G65: No en té | K65: {=IF(_xlfn.XLOOKUP(TRIM(A65),TRIM('Espai x esquema'!$A:$A),'Espai x esquema'!$E:$E,"",0)="Sí, però", "Sí", _xlfn.XLOOKUP(TRIM(A65),TRIM('Espai x esquema'!$A:$A),'Espai x esquema'!$E:$E,"",0))} -> No
A66: GAFADM | B66: T_LOG_ALUMNE | C66: 2944 | D66: 2.875 | E66: No | F66: AM05 | G66: No en té | K66: {=IF(_xlfn.XLOOKUP(TRIM(A66),TRIM('Espai x esquema'!$A:$A),'Espai x esquema'!$E:$E,"",0)="Sí, però", "Sí", _xlfn.XLOOKUP(TRIM(A66),TRIM('Espai x esquema'!$A:$A),'Espai x esquema'!$E:$E,"",0))} -> No
A67: E13_GCON | B67: GCONTB_DA_NOMINA | C67: 2944 | D67: =new_212__3[[#This Row],[MBYTES]]/1024 -> 2.875 | E67: No | F67: AM10 | G67: Taula d'aplicació. No aplica | K67: {=IF(_xlfn.XLOOKUP(TRIM(A67),TRIM('Espai x esquema'!$A:$A),'Espai x esquema'!$E:$E,"",0)="Sí, però", "Sí", _xlfn.XLOOKUP(TRIM(A67),TRIM('Espai x esquema'!$A:$A),'Espai x esquema'!$E:$E,"",0))} -> No
A68: E13_SUPERVISIO | B68: AO_STATS_OUTPUT_BUFFER | C68: 2883 | D68: 2.8154297 | E68: No | F68: AM05 | G68: No en té | K68: {=IF(_xlfn.XLOOKUP(TRIM(A68),TRIM('Espai x esquema'!$A:$A),'Espai x esquema'!$E:$E,"",0)="Sí, però", "Sí", _xlfn.XLOOKUP(TRIM(A68),TRIM('Espai x esquema'!$A:$A),'Espai x esquema'!$E:$E,"",0))} -> No
A69: E13_MSG | B69: UTILS_TB_LOG | C69: 2694 | D69: =new_212__3[[#This Row],[MBYTES]]/1024 -> 2.6308594 | E69: No | F69: AM10 | G69: No exisitex política d'esborrat | K69: {=IF(_xlfn.XLOOKUP(TRIM(A69),TRIM('Espai x esquema'!$A:$A),'Espai x esquema'!$E:$E,"",0)="Sí, però", "Sí", _xlfn.XLOOKUP(TRIM(A69),TRIM('Espai x esquema'!$A:$A),'Espai x esquema'!$E:$E,"",0))} -> No
A70: E13_IDA | B70: IDATB10_AP_NUCLI_LOG | C70: 2647 | D70: =new_212__3[[#This Row],[MBYTES]]/1024 -> 2.5849609 | E70: Sí | F70: AM10 | H70: Creiem que es pot eliminar | J70: ?? | K70: {=IF(_xlfn.XLOOKUP(TRIM(A70),TRIM('Espai x esquema'!$A:$A),'Espai x esquema'!$E:$E,"",0)="Sí, però", "Sí", _xlfn.XLOOKUP(TRIM(A70),TRIM('Espai x esquema'!$A:$A),'Espai x esquema'!$E:$E,"",0))} -> ??
A71: E13_BOR | B71: BOR_PREF_MUNICIPIS | C71: 2561 | D71: 2.5009766 | E71: No | F71: AM05 | G71: No en té | K71: {=IF(_xlfn.XLOOKUP(TRIM(A71),TRIM('Espai x esquema'!$A:$A),'Espai x esquema'!$E:$E,"",0)="Sí, però", "Sí", _xlfn.XLOOKUP(TRIM(A71),TRIM('Espai x esquema'!$A:$A),'Espai x esquema'!$E:$E,"",0))} -> No
A72: E13_RTT | B72: UTILS_TB_LOG | C72: 2560 | D72: =new_212__3[[#This Row],[MBYTES]]/1024 -> 2.5 | E72: No | F72: AM10 | G72: Cal conservar, es manté el LOG de 90 dies | K72: {=IF(_xlfn.XLOOKUP(TRIM(A72),TRIM('Espai x esquema'!$A:$A),'Espai x esquema'!$E:$E,"",0)="Sí, però", "Sí", _xlfn.XLOOKUP(TRIM(A72),TRIM('Espai x esquema'!$A:$A),'Espai x esquema'!$E:$E,"",0))} -> No
A73: GEDAC | B73: LOG_RECALCUL_GRAELLA | C73: 2560 | D73: =new_212__3[[#This Row],[MBYTES]]/1024 -> 2.5 | E73: No | F73: AM10 | G73: No existeix política d'esborrat. | K73: {=IF(_xlfn.XLOOKUP(TRIM(A73),TRIM('Espai x esquema'!$A:$A),'Espai x esquema'!$E:$E,"",0)="Sí, però", "Sí", _xlfn.XLOOKUP(TRIM(A73),TRIM('Espai x esquema'!$A:$A),'Espai x esquema'!$E:$E,"",0))} -> No
A74: E13_A6P | B74: HST_A6P_AVALUACIO_ALUMNE_NIVEL | C74: 2451 | D74: =new_212__3[[#This Row],[MBYTES]]/1024 -> 2.3935547 | E74: No | F74: AM10 | H74: No són taules LOG | K74: {=IF(_xlfn.XLOOKUP(TRIM(A74),TRIM('Espai x esquema'!$A:$A),'Espai x esquema'!$E:$E,"",0)="Sí, però", "Sí", _xlfn.XLOOKUP(TRIM(A74),TRIM('Espai x esquema'!$A:$A),'Espai x esquema'!$E:$E,"",0))} -> No
A75: E13_A4S | B75: HST_A4S_AVALUACIO_ALUMNE_NIVEL | C75: 2437 | D75: =new_212__3[[#This Row],[MBYTES]]/1024 -> 2.3798828 | E75: No | F75: AM10 | H75: No són taules LOG | K75: {=IF(_xlfn.XLOOKUP(TRIM(A75),TRIM('Espai x esquema'!$A:$A),'Espai x esquema'!$E:$E,"",0)="Sí, però", "Sí", _xlfn.XLOOKUP(TRIM(A75),TRIM('Espai x esquema'!$A:$A),'Espai x esquema'!$E:$E,"",0))} -> No
A76: E13_SIDIE | B76: EX_V_DMA_CURRICULUM_AVALUACIO | C76: 2432 | D76: =new_212__3[[#This Row],[MBYTES]]/1024 -> 2.375 | E76: No | F76: AM10 | K76: {=IF(_xlfn.XLOOKUP(TRIM(A76),TRIM('Espai x esquema'!$A:$A),'Espai x esquema'!$E:$E,"",0)="Sí, però", "Sí", _xlfn.XLOOKUP(TRIM(A76),TRIM('Espai x esquema'!$A:$A),'Espai x esquema'!$E:$E,"",0))} -> No
A77: E13_GSA_INS | B77: GSATBI07LOG_CRON | C77: 2376 | D77: =new_212__3[[#This Row],[MBYTES]]/1024 -> 2.3203125 | E77: No | F77: AM10 | G77: Elimina logs amb antiguitat superior a 7 dies | K77: {=IF(_xlfn.XLOOKUP(TRIM(A77),TRIM('Espai x esquema'!$A:$A),'Espai x esquema'!$E:$E,"",0)="Sí, però", "Sí", _xlfn.XLOOKUP(TRIM(A77),TRIM('Espai x esquema'!$A:$A),'Espai x esquema'!$E:$E,"",0))} -> No
A78: E13_HST_A6P | B78: HST_AGD_AVA_ALUMNE_COMP | C78: 2374 | D78: =new_212__3[[#This Row],[MBYTES]]/1024 -> 2.3183594 | E78: No | F78: AM10 | H78: No són taules LOG | K78: {=IF(_xlfn.XLOOKUP(TRIM(A78),TRIM('Espai x esquema'!$A:$A),'Espai x esquema'!$E:$E,"",0)="Sí, però", "Sí", _xlfn.XLOOKUP(TRIM(A78),TRIM('Espai x esquema'!$A:$A),'Espai x esquema'!$E:$E,"",0))} -> No
A79: E13_RALC | B79: RALC_TB_REGISTRE_LOG_MAT | C79: 2314 | D79: =new_212__3[[#This Row],[MBYTES]]/1024 -> 2.2597656 | E79: No | F79: AM10 | H79: No són taules LOG | K79: {=IF(_xlfn.XLOOKUP(TRIM(A79),TRIM('Espai x esquema'!$A:$A),'Espai x esquema'!$E:$E,"",0)="Sí, però", "Sí", _xlfn.XLOOKUP(TRIM(A79),TRIM('Espai x esquema'!$A:$A),'Espai x esquema'!$E:$E,"",0))} -> No
A80: E13_CWS | B80: OSB_TRACES_PICA | C80: 2274 | D80: =new_212__3[[#This Row],[MBYTES]]/1024 -> 2.2207031 | E80: No | F80: AM10 | K80: {=IF(_xlfn.XLOOKUP(TRIM(A80),TRIM('Espai x esquema'!$A:$A),'Espai x esquema'!$E:$E,"",0)="Sí, però", "Sí", _xlfn.XLOOKUP(TRIM(A80),TRIM('Espai x esquema'!$A:$A),'Espai x esquema'!$E:$E,"",0))} -> No
A81: E13_ESPINA_BD | B81: NOMINES_TPUNTERSVINCLES | C81: 2246 | D81: =new_212__3[[#This Row],[MBYTES]]/1024 -> 2.1933594 | E81: ?? | K81: {=IF(_xlfn.XLOOKUP(TRIM(A81),TRIM('Espai x esquema'!$A:$A),'Espai x esquema'!$E:$E,"",0)="Sí, però", "Sí", _xlfn.XLOOKUP(TRIM(A81),TRIM('Espai x esquema'!$A:$A),'Espai x esquema'!$E:$E,"",0))} -> ??
A82: E13_ID_SUBSC | B82: PETICIONS | C82: 2218 | D82: =new_212__3[[#This Row],[MBYTES]]/1024 -> 2.1660156 | E82: No | F82: AM10 | H82: No exisitex política d'esborrat | K82: {=IF(_xlfn.XLOOKUP(TRIM(A82),TRIM('Espai x esquema'!$A:$A),'Espai x esquema'!$E:$E,"",0)="Sí, però", "Sí", _xlfn.XLOOKUP(TRIM(A82),TRIM('Espai x esquema'!$A:$A),'Espai x esquema'!$E:$E,"",0))} -> No
A83: E13_AGD | B83: OLD_HST_AGD_AVA_ALUMNE_COMP | C83: 2175 | D83: =new_212__3[[#This Row],[MBYTES]]/1024 -> 2.1240234 | E83: No | F83: AM10 | H83: No són taules LOG | K83: {=IF(_xlfn.XLOOKUP(TRIM(A83),TRIM('Espai x esquema'!$A:$A),'Espai x esquema'!$E:$E,"",0)="Sí, però", "Sí", _xlfn.XLOOKUP(TRIM(A83),TRIM('Espai x esquema'!$A:$A),'Espai x esquema'!$E:$E,"",0))} -> No
A84: E13_FORMACIO | B84: FP_HISTORIC_GPF | C84: 2096 | D84: 2.046875 | E84: No | F84: AM05 | G84: No en té | K84: {=IF(_xlfn.XLOOKUP(TRIM(A84),TRIM('Espai x esquema'!$A:$A),'Espai x esquema'!$E:$E,"",0)="Sí, però", "Sí", _xlfn.XLOOKUP(TRIM(A84),TRIM('Espai x esquema'!$A:$A),'Espai x esquema'!$E:$E,"",0))} -> No
A85: E13_GSD_OPO | B85: GSD_OPO_TB_COM_LOG | C85: 1984 | D85: 1.9375 | E85: No | F85: AM05 | G85: No en té | K85: {=IF(_xlfn.XLOOKUP(TRIM(A85),TRIM('Espai x esquema'!$A:$A),'Espai x esquema'!$E:$E,"",0)="Sí, però", "Sí", _xlfn.XLOOKUP(TRIM(A85),TRIM('Espai x esquema'!$A:$A),'Espai x esquema'!$E:$E,"",0))} -> Sí
A86: E13_SII | B86: SIITBALUMNES | C86: 1951 | D86: =new_212__3[[#This Row],[MBYTES]]/1024 -> 1.9052734 | E86: No | F86: AM10 | K86: {=IF(_xlfn.XLOOKUP(TRIM(A86),TRIM('Espai x esquema'!$A:$A),'Espai x esquema'!$E:$E,"",0)="Sí, però", "Sí", _xlfn.XLOOKUP(TRIM(A86),TRIM('Espai x esquema'!$A:$A),'Espai x esquema'!$E:$E,"",0))} -> No
A87: E13_VAD | B87: VADTB_AP_DEMANDES_TMP | C87: 1923 | D87: 1.8779297 | E87: No | F87: AM05 | G87: No en té | H87: Taula paral·lel adjudicació, s'eborra abans de cada execució | K87: {=IF(_xlfn.XLOOKUP(TRIM(A87),TRIM('Espai x esquema'!$A:$A),'Espai x esquema'!$E:$E,"",0)="Sí, però", "Sí", _xlfn.XLOOKUP(TRIM(A87),TRIM('Espai x esquema'!$A:$A),'Espai x esquema'!$E:$E,"",0))} -> No
A88: E13_IDA | B88: IDATB_TP_ALUMNES_INCR | C88: 1921 | D88: =new_212__3[[#This Row],[MBYTES]]/1024 -> 1.8759766 | E88: Sí | F88: AM10 | H88: Creiem que es pot eliminar | J88: Oscar Mendez | K88: {=IF(_xlfn.XLOOKUP(TRIM(A88),TRIM('Espai x esquema'!$A:$A),'Espai x esquema'!$E:$E,"",0)="Sí, però", "Sí", _xlfn.XLOOKUP(TRIM(A88),TRIM('Espai x esquema'!$A:$A),'Espai x esquema'!$E:$E,"",0))} -> ??
A89: E13_GUAC | B89: UTILS_TB_LOG | C89: 1920 | D89: =new_212__3[[#This Row],[MBYTES]]/1024 -> 1.875 | E89: No | F89: AM10 | G89: No exisitex política d'esborrat | K89: {=IF(_xlfn.XLOOKUP(TRIM(A89),TRIM('Espai x esquema'!$A:$A),'Espai x esquema'!$E:$E,"",0)="Sí, però", "Sí", _xlfn.XLOOKUP(TRIM(A89),TRIM('Espai x esquema'!$A:$A),'Espai x esquema'!$E:$E,"",0))} -> No
A90: E13_TME | B90: TMETB15PERSONALXESP_N1 | C90: 1920 | D90: =new_212__3[[#This Row],[MBYTES]]/1024 -> 1.875 | E90: No | F90: AM10 | G90: No existeix política d'esborrat | K90: {=IF(_xlfn.XLOOKUP(TRIM(A90),TRIM('Espai x esquema'!$A:$A),'Espai x esquema'!$E:$E,"",0)="Sí, però", "Sí", _xlfn.XLOOKUP(TRIM(A90),TRIM('Espai x esquema'!$A:$A),'Espai x esquema'!$E:$E,"",0))} -> No
A91: E13_OTG | B91: OTG_MV_GSDV0320_LOC | C91: 1856 | D91: =new_212__3[[#This Row],[MBYTES]]/1024 -> 1.8125 | E91: No | F91: AM10 | G91: Vista materialitzada de dades Host | K91: {=IF(_xlfn.XLOOKUP(TRIM(A91),TRIM('Espai x esquema'!$A:$A),'Espai x esquema'!$E:$E,"",0)="Sí, però", "Sí", _xlfn.XLOOKUP(TRIM(A91),TRIM('Espai x esquema'!$A:$A),'Espai x esquema'!$E:$E,"",0))} -> No
A92: E13_GTO | B92: GTO_IMPRES_ASPIRANT | C92: 1796 | D92: 1.7539062 | E92: No | F92: AM05 | G92: No en té | K92: {=IF(_xlfn.XLOOKUP(TRIM(A92),TRIM('Espai x esquema'!$A:$A),'Espai x esquema'!$E:$E,"",0)="Sí, però", "Sí", _xlfn.XLOOKUP(TRIM(A92),TRIM('Espai x esquema'!$A:$A),'Espai x esquema'!$E:$E,"",0))} -> No
A93: E13_RLE | B93: GRL_TB_LOG | C93: 1734 | D93: 1.6933594 | E93: No | F93: AM05 | G93: No en té | K93: {=IF(_xlfn.XLOOKUP(TRIM(A93),TRIM('Espai x esquema'!$A:$A),'Espai x esquema'!$E:$E,"",0)="Sí, però", "Sí", _xlfn.XLOOKUP(TRIM(A93),TRIM('Espai x esquema'!$A:$A),'Espai x esquema'!$E:$E,"",0))} -> No
A94: E13_RALC | B94: RALC_TB_REGISTRE_LOG | C94: 1729 | D94: =new_212__3[[#This Row],[MBYTES]]/1024 -> 1.6884766 | E94: No | F94: AM10 | H94: No són taules LOG | K94: {=IF(_xlfn.XLOOKUP(TRIM(A94),TRIM('Espai x esquema'!$A:$A),'Espai x esquema'!$E:$E,"",0)="Sí, però", "Sí", _xlfn.XLOOKUP(TRIM(A94),TRIM('Espai x esquema'!$A:$A),'Espai x esquema'!$E:$E,"",0))} -> No
A95: E13_BORPAS | B95: BORPASTB_AP_HISTORIC_CANDIDATU | C95: 1600 | D95: 1.5625 | E95: No | F95: AM05 | G95: No en té | K95: {=IF(_xlfn.XLOOKUP(TRIM(A95),TRIM('Espai x esquema'!$A:$A),'Espai x esquema'!$E:$E,"",0)="Sí, però", "Sí", _xlfn.XLOOKUP(TRIM(A95),TRIM('Espai x esquema'!$A:$A),'Espai x esquema'!$E:$E,"",0))} -> No
A96: E13_AAC_PREINS | B96: AACTBINFO_WS | C96: 1600 | D96: =new_212__3[[#This Row],[MBYTES]]/1024 -> 1.5625 | E96: No | F96: AM10 | G96: No existeix política d'esborrat | K96: {=IF(_xlfn.XLOOKUP(TRIM(A96),TRIM('Espai x esquema'!$A:$A),'Espai x esquema'!$E:$E,"",0)="Sí, però", "Sí", _xlfn.XLOOKUP(TRIM(A96),TRIM('Espai x esquema'!$A:$A),'Espai x esquema'!$E:$E,"",0))} -> Sí
A97: SAGA_CENTRAL | B97: BO_LOG_TITULACIOPERSONAL | C97: 1571 | D97: =new_212__3[[#This Row],[MBYTES]]/1024 -> 1.5341797 | E97: Sí | F97: AM11 | G97: Politica d'esborrat anys anteriors, hi ha dades des del 2006 | H97: Procediments Oracle on desa els errors de les accions | I97: SAGA | J97: Oscar Mendez | K97: {=IF(_xlfn.XLOOKUP(TRIM(A97),TRIM('Espai x esquema'!$A:$A),'Espai x esquema'!$E:$E,"",0)="Sí, però", "Sí", _xlfn.XLOOKUP(TRIM(A97),TRIM('Espai x esquema'!$A:$A),'Espai x esquema'!$E:$E,"",0))} -> No
A98: REGISTREFOR | B98: T_REGISTRE_CERTIFICATS | C98: 1560 | D98: 1.5234375 | E98: No | F98: AM05 | G98: No en té | K98: {=IF(_xlfn.XLOOKUP(TRIM(A98),TRIM('Espai x esquema'!$A:$A),'Espai x esquema'!$E:$E,"",0)="Sí, però", "Sí", _xlfn.XLOOKUP(TRIM(A98),TRIM('Espai x esquema'!$A:$A),'Espai x esquema'!$E:$E,"",0))} -> No
A99: E13_VAD | B99: VADTB_AP_REPORT_INTERACTIU | C99: 1558 | D99: 1.5214844 | E99: No | F99: AM05 | G99: No en té | K99: {=IF(_xlfn.XLOOKUP(TRIM(A99),TRIM('Espai x esquema'!$A:$A),'Espai x esquema'!$E:$E,"",0)="Sí, però", "Sí", _xlfn.XLOOKUP(TRIM(A99),TRIM('Espai x esquema'!$A:$A),'Espai x esquema'!$E:$E,"",0))} -> No
A100: E13_PUB | B100: ADEVLOG | C100: 1536 | D100: 1.5 | E100: No | F100: AM05 | G100: No en té | K100: {=IF(_xlfn.XLOOKUP(TRIM(A100),TRIM('Espai x esquema'!$A:$A),'Espai x esquema'!$E:$E,"",0)="Sí, però", "Sí", _xlfn.XLOOKUP(TRIM(A100),TRIM('Espai x esquema'!$A:$A),'Espai x esquema'!$E:$E,"",0))} -> No
...
